{"backend": "tensorflow", "config": [{"config": {"batch_input_shape": [null, 784], "activation": "relu", "kernel_constraint": null, "bias_constraint": null, "activity_regularizer": null, "trainable": true, "kernel_initializer": {"config": {"distribution": "uniform", "mode": "fan_avg", "scale": 1.0, "seed": null}, "class_name": "VarianceScaling"}, "name": "dense_1", "kernel_regularizer": null, "use_bias": true, "dtype": "float32", "bias_regularizer": null, "bias_initializer": {"config": {}, "class_name": "Zeros"}, "units": 512}, "class_name": "Dense"}, {"config": {"trainable": true, "name": "dropout_1", "rate": 0.2}, "class_name": "Dropout"}, {"config": {"activation": "relu", "kernel_constraint": null, "bias_constraint": null, "activity_regularizer": null, "trainable": true, "name": "dense_2", "kernel_initializer": {"config": {"distribution": "uniform", "mode": "fan_avg", "scale": 1.0, "seed": null}, "class_name": "VarianceScaling"}, "kernel_regularizer": null, "use_bias": true, "bias_regularizer": null, "bias_initializer": {"config": {}, "class_name": "Zeros"}, "units": 512}, "class_name": "Dense"}, {"config": {"trainable": true, "name": "dropout_2", "rate": 0.2}, "class_name": "Dropout"}, {"config": {"activation": "softmax", "kernel_constraint": null, "bias_constraint": null, "activity_regularizer": null, "trainable": true, "name": "dense_3", "kernel_initializer": {"config": {"distribution": "uniform", "mode": "fan_avg", "scale": 1.0, "seed": null}, "class_name": "VarianceScaling"}, "kernel_regularizer": null, "use_bias": true, "bias_regularizer": null, "bias_initializer": {"config": {}, "class_name": "Zeros"}, "units": 10}, "class_name": "Dense"}], "class_name": "Sequential", "keras_version": "2.0.2"}